encoder,model,fold,rmse,mae,r2
frequency,Linear Regression,1,5041.958472268357,3053.1486555020538,0.8724396051833916
frequency,Linear Regression,2,5230.587055444725,3077.984335698078,0.864589879769429
frequency,Linear Regression,3,4948.583184460533,3003.7124402205222,0.8734123988673336
frequency,Linear Regression,4,4952.507861177226,3054.2450135076924,0.870787554882305
frequency,Linear Regression,5,5258.207540729974,3084.595659402352,0.8645805797799093
frequency,KNN,1,2677.6111069837134,1472.7969681657403,0.9640240452898999
frequency,KNN,2,2724.5747381971805,1498.311773623042,0.9632592763882293
frequency,KNN,3,2528.7395462415902,1459.44099292572,0.9669449650493755
frequency,KNN,4,2577.837689844812,1476.3427993936332,0.9649921744733402
frequency,KNN,5,2833.27131903998,1512.530528709494,0.9606828677426235
frequency,Decision Tree,1,3115.02401709795,1651.4291068530172,0.9513099607046251
frequency,Decision Tree,2,3206.420463492307,1680.3233655843624,0.9491148337912021
frequency,Decision Tree,3,2897.483245311246,1623.2605472996768,0.9566018430081895
frequency,Decision Tree,4,2931.3914121032344,1622.159876621189,0.9547309250440116
frequency,Decision Tree,5,3139.890670666915,1656.859699729029,0.9517125184013497
frequency,Random Forest,1,2128.2028774181367,1174.9746371847627,0.9772729337351748
frequency,Random Forest,2,2273.4152754923125,1199.0478848814823,0.9744195722796362
frequency,Random Forest,3,2063.907769955224,1175.2863543664205,0.9779803712799552
frequency,Random Forest,4,1986.478222056692,1146.8683479256626,0.9792115737028338
frequency,Random Forest,5,2306.992584903547,1203.1503850286342,0.9739325889643379
frequency,Stacking,1,2136.3916317010826,1180.173566792471,0.9770977019404123
frequency,Stacking,2,2284.534316418746,1206.5079301883698,0.9741687378770028
frequency,Stacking,3,2073.2738335371187,1183.7386823522165,0.9777800665953579
frequency,Stacking,4,2004.7917667270729,1158.4423837961417,0.9788265056256448
frequency,Stacking,5,2317.6544261363974,1217.2701818003022,0.9736910894267665
