feature,importance,encoder
list_price,0.6000176097175522,catboost
generation,0.17398100778108416,catboost
mileage,0.09656192087297624,catboost
model,0.03744389404360948,catboost
vehicle_age_years,0.02640961744262977,catboost
plate_age_id,0.023127033354173,catboost
trim,0.019518944783125068,catboost
reg_year,0.007925989818590932,catboost
make,0.0057595728754986746,catboost
engine,0.003785129952088995,catboost
body,0.0012660363343295978,catboost
fuel,0.0012638635752782715,catboost
engine_missing,0.0011369451352486858,catboost
transmission,0.0010268872062100523,catboost
doors,0.0007755471076046024,catboost
