feature,importance_mean,importance_std,encoder
list_price,11898.5344393197,73.7583409572153,column_adaptive_c
mileage,3155.2531729721513,23.987354724991622,column_adaptive_c
generation,2098.690378168124,70.01669668585124,column_adaptive_c
model,1342.9518987113029,25.09244494554909,column_adaptive_c
vehicle_age_years,815.3462344708164,22.825794419047938,column_adaptive_c
vehicle_age_days,805.6949210141997,22.534981637295076,column_adaptive_c
trim,484.3802406482654,18.02898941857323,column_adaptive_c
make,430.1965238212224,5.219938002508097,column_adaptive_c
engine,152.6845821653354,7.929983972956655,column_adaptive_c
reg_year,100.09479031059031,4.742631651366422,column_adaptive_c
transmission_Automatic,30.030261187006317,2.2720414421138506,column_adaptive_c
transmission_Manual,25.346228302374676,2.131500431727035,column_adaptive_c
body_SUV,23.897571267992227,0.9915073552688842,column_adaptive_c
doors,22.0248413848592,2.325245631153793,column_adaptive_c
fuel_Petrol,21.79972613165055,2.3714316907253177,column_adaptive_c
engine_missing,19.04151266070439,1.8854494551402627,column_adaptive_c
fuel_Electric,18.195515727735845,3.2402006614141534,column_adaptive_c
body_Saloon,12.088241511028537,0.7850943897210371,column_adaptive_c
body_Hatchback,9.670520962720548,2.271675244115163,column_adaptive_c
fuel_Diesel,9.399945556053444,2.299596244161158,column_adaptive_c
fuel_Petrol Hybrid,5.091137406566259,1.89714856734795,column_adaptive_c
fuel_Petrol Plug-in Hybrid,1.961498525476418,0.6670416759732284,column_adaptive_c
body_Estate,1.724010027642271,0.6404360711949656,column_adaptive_c
plate_age_id_69,1.3616312080601347,0.3298579730360746,column_adaptive_c
body_MPV,1.297670023250157,0.157396541398473,column_adaptive_c
plate_age_id_23,1.135744141539044,0.5505094751971439,column_adaptive_c
plate_age_id_71,0.8610893574038527,0.2145286191882078,column_adaptive_c
plate_age_id_68,0.8035426303812528,0.2930428803757064,column_adaptive_c
plate_age_id_65,0.5798457969279752,0.22913448584751153,column_adaptive_c
body_Convertible,0.538975045327652,0.45171961840804126,column_adaptive_c
plate_age_id_19,0.4840779924057642,0.5821054304530943,column_adaptive_c
plate_age_id_15,0.22747630283602122,0.2780785589615931,column_adaptive_c
plate_age_id_59,0.2267011100644595,0.41574608676590324,column_adaptive_c
plate_age_id_9,0.1886519109009896,0.009329612494047478,column_adaptive_c
fuel_Diesel Plug-in Hybrid,0.18210840461483713,0.0,column_adaptive_c
plate_age_id_18,0.16166580667381822,0.3067451661461087,column_adaptive_c
plate_age_id_10,0.14289809046517804,0.4236292902104509,column_adaptive_c
plate_age_id_62,0.10066262096415812,0.1368570486365815,column_adaptive_c
plate_age_id_12,0.08255200509820497,0.10930578484274858,column_adaptive_c
plate_age_id_64,0.04596709151282994,0.20230234113630197,column_adaptive_c
plate_age_id_58,0.007551509501217879,0.018532022971358746,column_adaptive_c
fuel_Bi Fuel,-0.00764609235034186,0.0,column_adaptive_c
plate_age_id_63,-0.028070061948301372,0.41431754750732547,column_adaptive_c
fuel_Diesel Hybrid,-0.0949799842606808,0.10580248207186535,column_adaptive_c
plate_age_id_61,-0.11388458485889714,0.04408686712382874,column_adaptive_c
plate_age_id_14,-0.11416018032559805,0.32484189496304,column_adaptive_c
plate_age_id_67,-0.11792655738854592,0.5220640017615521,column_adaptive_c
plate_age_id_60,-0.15782476710014634,0.04992135253932327,column_adaptive_c
plate_age_id_13,-0.2593982999625496,0.32429619239533536,column_adaptive_c
plate_age_id_21,-0.3030762051405418,0.4429700909551956,column_adaptive_c
plate_age_id_16,-0.3441753237357261,0.4352209526217667,column_adaptive_c
plate_age_id_11,-0.48681359260758655,0.01378186946439101,column_adaptive_c
plate_age_id_20,-0.5174624007176589,0.72417639161636,column_adaptive_c
body_Coupe,-0.9258506547744219,0.7743680842509202,column_adaptive_c
plate_age_id_66,-0.9707964120141241,0.03908298895585483,column_adaptive_c
plate_age_id_70,-1.5600403501131495,0.47426986698139006,column_adaptive_c
plate_age_id_72,-1.6949753075679381,1.0388975418653645,column_adaptive_c
plate_age_id_17,-1.6958199105930816,0.3360625707929972,column_adaptive_c
plate_age_id_22,-2.4615997295713896,1.2724686734568655,column_adaptive_c
make_model_trim,7555.4959653473925,120.3781381997548,column_adaptive_d
list_price,5971.107801575102,110.20811538805965,column_adaptive_d
mileage,2622.216805086863,45.93235668619035,column_adaptive_d
generation,1394.8257018213856,90.70127982419399,column_adaptive_d
vehicle_age_days,600.6580154435047,39.55822256850658,column_adaptive_d
vehicle_age_years,578.2502184174544,28.068546718115115,column_adaptive_d
make_model,360.76388697445947,8.999799966244968,column_adaptive_d
engine,191.47938787508946,6.736467003675415,column_adaptive_d
reg_year,138.6005222439513,8.64434195480646,column_adaptive_d
transmission_Manual,34.9708163317725,2.3954316183016653,column_adaptive_d
transmission_Automatic,30.211741867971522,2.802013483857481,column_adaptive_d
doors,22.842328171712687,6.6892249231190135,column_adaptive_d
fuel_Electric,21.426624201935464,2.515692549265479,column_adaptive_d
engine_missing,16.871866141925693,2.995206512808499,column_adaptive_d
fuel_Diesel,14.447692392460885,1.5788307325476492,column_adaptive_d
body_SUV,14.19134768079375,1.107894613446386,column_adaptive_d
body_Saloon,10.213618243858946,1.7864557624523427,column_adaptive_d
fuel_Petrol,8.355811814454773,2.4713778368734434,column_adaptive_d
body_Hatchback,6.527988075443318,1.5138499687223277,column_adaptive_d
body_Coupe,4.70322520534819,1.0979347371614923,column_adaptive_d
fuel_Petrol Plug-in Hybrid,4.236410928856458,2.0840541826948717,column_adaptive_d
fuel_Petrol Hybrid,2.2060650981219623,0.2783318232664392,column_adaptive_d
plate_age_id_66,1.7588685799111772,0.23748872651611044,column_adaptive_d
body_Estate,1.5793340587405509,1.019580931528409,column_adaptive_d
plate_age_id_67,1.5307439507451819,1.5612765208737347,column_adaptive_d
plate_age_id_69,1.1565501967066667,0.5486347644929438,column_adaptive_d
body_MPV,1.0648200317602459,0.15465934996973837,column_adaptive_d
plate_age_id_17,0.6418616535818729,0.5908872401661522,column_adaptive_d
fuel_Bi Fuel,0.6275566024191903,0.0,column_adaptive_d
plate_age_id_70,0.5862871885079585,1.435460862906646,column_adaptive_d
plate_age_id_15,0.560694201143906,0.3528040719947677,column_adaptive_d
plate_age_id_68,0.4330529329592537,0.31845347371677235,column_adaptive_d
plate_age_id_65,0.4021783279072224,2.172464047056591,column_adaptive_d
plate_age_id_23,0.3046651919663418,0.1968346108999054,column_adaptive_d
plate_age_id_20,0.26893486244762244,0.7885452886802256,column_adaptive_d
plate_age_id_19,0.170896331961103,0.6116370642380589,column_adaptive_d
plate_age_id_60,0.1612492424203083,0.03065703698519056,column_adaptive_d
plate_age_id_71,0.12613746336164694,0.5176337112244331,column_adaptive_d
plate_age_id_10,0.06538048832862842,0.17017627771779842,column_adaptive_d
plate_age_id_11,0.036219314379195566,0.042485423369224826,column_adaptive_d
plate_age_id_12,0.014005914886365645,0.04559732590461831,column_adaptive_d
fuel_Diesel Plug-in Hybrid,-0.0005713426312468073,0.0,column_adaptive_d
plate_age_id_59,-0.03597298053764462,0.024817219119480524,column_adaptive_d
plate_age_id_13,-0.03840490657066766,0.3738905514727578,column_adaptive_d
plate_age_id_14,-0.06070481092801856,0.240622114520915,column_adaptive_d
plate_age_id_62,-0.08092055838878878,0.20635740276185568,column_adaptive_d
plate_age_id_9,-0.1348000226298609,0.05204649775818824,column_adaptive_d
plate_age_id_58,-0.2323078471428744,0.047554505248749275,column_adaptive_d
plate_age_id_64,-0.24757351677535552,0.5886769715467387,column_adaptive_d
fuel_Diesel Hybrid,-0.3741916519794358,0.36645526003425266,column_adaptive_d
plate_age_id_63,-0.5488990812964403,0.15035754215985023,column_adaptive_d
plate_age_id_61,-0.6103017231415834,0.17852570314373467,column_adaptive_d
plate_age_id_16,-0.7899689279744052,0.9838083962369895,column_adaptive_d
plate_age_id_22,-0.9948839628811583,0.8174122893988941,column_adaptive_d
plate_age_id_18,-1.395856850427299,0.21488806149209594,column_adaptive_d
plate_age_id_72,-1.4096523964732115,0.5456265617741738,column_adaptive_d
plate_age_id_21,-1.552840649272366,0.39569290096835985,column_adaptive_d
body_Convertible,-1.8296694413295882,0.340176878221355,column_adaptive_d
