model,encoder_a,encoder_b,mean_rmse_a,mean_rmse_b,better_encoder,p_value,significant
Linear Regression,onehot,ordinal,2499.771284404729,5146.6383891532005,onehot,0.001953125,True
Linear Regression,onehot,frequency,2499.771284404729,5086.867921895844,onehot,0.001953125,True
Linear Regression,onehot,target,2499.771284404729,4388.1760423714095,onehot,0.001953125,True
Linear Regression,onehot,catboost,2499.771284404729,4206.236491187619,onehot,0.001953125,True
Linear Regression,onehot,binary,2499.771284404729,4909.926317299084,onehot,0.001953125,True
Linear Regression,onehot,hashing,2499.771284404729,5123.931223889659,onehot,0.001953125,True
Linear Regression,onehot,column_adaptive_c,2499.771284404729,4133.1976528662935,onehot,0.001953125,True
Linear Regression,onehot,column_adaptive_d,2499.771284404729,4031.779256190874,onehot,0.001953125,True
Linear Regression,ordinal,frequency,5146.6383891532005,5086.867921895844,frequency,0.001953125,True
Linear Regression,ordinal,target,5146.6383891532005,4388.1760423714095,target,0.001953125,True
Linear Regression,ordinal,catboost,5146.6383891532005,4206.236491187619,catboost,0.001953125,True
Linear Regression,ordinal,binary,5146.6383891532005,4909.926317299084,binary,0.001953125,True
Linear Regression,ordinal,hashing,5146.6383891532005,5123.931223889659,hashing,0.001953125,True
Linear Regression,ordinal,column_adaptive_c,5146.6383891532005,4133.1976528662935,column_adaptive_c,0.001953125,True
Linear Regression,ordinal,column_adaptive_d,5146.6383891532005,4031.779256190874,column_adaptive_d,0.001953125,True
Linear Regression,frequency,target,5086.867921895844,4388.1760423714095,target,0.001953125,True
Linear Regression,frequency,catboost,5086.867921895844,4206.236491187619,catboost,0.001953125,True
Linear Regression,frequency,binary,5086.867921895844,4909.926317299084,binary,0.001953125,True
Linear Regression,frequency,hashing,5086.867921895844,5123.931223889659,frequency,0.001953125,True
Linear Regression,frequency,column_adaptive_c,5086.867921895844,4133.1976528662935,column_adaptive_c,0.001953125,True
Linear Regression,frequency,column_adaptive_d,5086.867921895844,4031.779256190874,column_adaptive_d,0.001953125,True
Linear Regression,target,catboost,4388.1760423714095,4206.236491187619,catboost,0.001953125,True
Linear Regression,target,binary,4388.1760423714095,4909.926317299084,target,0.001953125,True
Linear Regression,target,hashing,4388.1760423714095,5123.931223889659,target,0.001953125,True
Linear Regression,target,column_adaptive_c,4388.1760423714095,4133.1976528662935,column_adaptive_c,0.001953125,True
Linear Regression,target,column_adaptive_d,4388.1760423714095,4031.779256190874,column_adaptive_d,0.001953125,True
Linear Regression,catboost,binary,4206.236491187619,4909.926317299084,catboost,0.001953125,True
Linear Regression,catboost,hashing,4206.236491187619,5123.931223889659,catboost,0.001953125,True
Linear Regression,catboost,column_adaptive_c,4206.236491187619,4133.1976528662935,column_adaptive_c,0.001953125,True
Linear Regression,catboost,column_adaptive_d,4206.236491187619,4031.779256190874,column_adaptive_d,0.001953125,True
Linear Regression,binary,hashing,4909.926317299084,5123.931223889659,binary,0.001953125,True
Linear Regression,binary,column_adaptive_c,4909.926317299084,4133.1976528662935,column_adaptive_c,0.001953125,True
Linear Regression,binary,column_adaptive_d,4909.926317299084,4031.779256190874,column_adaptive_d,0.001953125,True
Linear Regression,hashing,column_adaptive_c,5123.931223889659,4133.1976528662935,column_adaptive_c,0.001953125,True
Linear Regression,hashing,column_adaptive_d,5123.931223889659,4031.779256190874,column_adaptive_d,0.001953125,True
Linear Regression,column_adaptive_c,column_adaptive_d,4133.1976528662935,4031.779256190874,column_adaptive_d,0.001953125,True
KNN,onehot,ordinal,3692.232773280557,2687.427800620124,ordinal,0.001953125,True
KNN,onehot,frequency,3692.232773280557,2611.641430472845,frequency,0.001953125,True
KNN,onehot,target,3692.232773280557,2295.8095839708403,target,0.001953125,True
KNN,onehot,catboost,3692.232773280557,2297.070831703433,catboost,0.001953125,True
KNN,onehot,binary,3692.232773280557,2853.5673450646455,binary,0.001953125,True
KNN,onehot,hashing,3692.232773280557,3327.7734234925047,hashing,0.001953125,True
KNN,onehot,column_adaptive_c,3692.232773280557,3298.7359699008366,column_adaptive_c,0.001953125,True
KNN,onehot,column_adaptive_d,3692.232773280557,3238.3379607104566,column_adaptive_d,0.001953125,True
KNN,ordinal,frequency,2687.427800620124,2611.641430472845,frequency,0.00390625,True
KNN,ordinal,target,2687.427800620124,2295.8095839708403,target,0.001953125,True
KNN,ordinal,catboost,2687.427800620124,2297.070831703433,catboost,0.001953125,True
KNN,ordinal,binary,2687.427800620124,2853.5673450646455,ordinal,0.001953125,True
KNN,ordinal,hashing,2687.427800620124,3327.7734234925047,ordinal,0.001953125,True
KNN,ordinal,column_adaptive_c,2687.427800620124,3298.7359699008366,ordinal,0.001953125,True
KNN,ordinal,column_adaptive_d,2687.427800620124,3238.3379607104566,ordinal,0.001953125,True
KNN,frequency,target,2611.641430472845,2295.8095839708403,target,0.001953125,True
KNN,frequency,catboost,2611.641430472845,2297.070831703433,catboost,0.001953125,True
KNN,frequency,binary,2611.641430472845,2853.5673450646455,frequency,0.001953125,True
KNN,frequency,hashing,2611.641430472845,3327.7734234925047,frequency,0.001953125,True
KNN,frequency,column_adaptive_c,2611.641430472845,3298.7359699008366,frequency,0.001953125,True
KNN,frequency,column_adaptive_d,2611.641430472845,3238.3379607104566,frequency,0.001953125,True
KNN,target,catboost,2295.8095839708403,2297.070831703433,target,1.0,False
KNN,target,binary,2295.8095839708403,2853.5673450646455,target,0.001953125,True
KNN,target,hashing,2295.8095839708403,3327.7734234925047,target,0.001953125,True
KNN,target,column_adaptive_c,2295.8095839708403,3298.7359699008366,target,0.001953125,True
KNN,target,column_adaptive_d,2295.8095839708403,3238.3379607104566,target,0.001953125,True
KNN,catboost,binary,2297.070831703433,2853.5673450646455,catboost,0.001953125,True
KNN,catboost,hashing,2297.070831703433,3327.7734234925047,catboost,0.001953125,True
KNN,catboost,column_adaptive_c,2297.070831703433,3298.7359699008366,catboost,0.001953125,True
KNN,catboost,column_adaptive_d,2297.070831703433,3238.3379607104566,catboost,0.001953125,True
KNN,binary,hashing,2853.5673450646455,3327.7734234925047,binary,0.001953125,True
KNN,binary,column_adaptive_c,2853.5673450646455,3298.7359699008366,binary,0.001953125,True
KNN,binary,column_adaptive_d,2853.5673450646455,3238.3379607104566,binary,0.001953125,True
KNN,hashing,column_adaptive_c,3327.7734234925047,3298.7359699008366,column_adaptive_c,0.083984375,False
KNN,hashing,column_adaptive_d,3327.7734234925047,3238.3379607104566,column_adaptive_d,0.01953125,True
KNN,column_adaptive_c,column_adaptive_d,3298.7359699008366,3238.3379607104566,column_adaptive_d,0.130859375,False
Decision Tree,onehot,ordinal,2829.105701446608,2937.4441051207514,onehot,0.048828125,True
Decision Tree,onehot,frequency,2829.105701446608,2995.470355125934,onehot,0.001953125,True
Decision Tree,onehot,target,2829.105701446608,2795.593835779453,target,0.556640625,False
Decision Tree,onehot,catboost,2829.105701446608,2695.8727984004568,catboost,0.009765625,True
Decision Tree,onehot,binary,2829.105701446608,2987.252902300059,onehot,0.013671875,True
Decision Tree,onehot,hashing,2829.105701446608,3384.711789008458,onehot,0.001953125,True
Decision Tree,onehot,column_adaptive_c,2829.105701446608,2710.1915901702896,column_adaptive_c,0.005859375,True
Decision Tree,onehot,column_adaptive_d,2829.105701446608,2832.4184780455234,onehot,0.921875,False
Decision Tree,ordinal,frequency,2937.4441051207514,2995.470355125934,ordinal,0.232421875,False
Decision Tree,ordinal,target,2937.4441051207514,2795.593835779453,target,0.10546875,False
Decision Tree,ordinal,catboost,2937.4441051207514,2695.8727984004568,catboost,0.005859375,True
Decision Tree,ordinal,binary,2937.4441051207514,2987.252902300059,ordinal,0.625,False
Decision Tree,ordinal,hashing,2937.4441051207514,3384.711789008458,ordinal,0.001953125,True
Decision Tree,ordinal,column_adaptive_c,2937.4441051207514,2710.1915901702896,column_adaptive_c,0.005859375,True
Decision Tree,ordinal,column_adaptive_d,2937.4441051207514,2832.4184780455234,column_adaptive_d,0.193359375,False
Decision Tree,frequency,target,2995.470355125934,2795.593835779453,target,0.001953125,True
Decision Tree,frequency,catboost,2995.470355125934,2695.8727984004568,catboost,0.001953125,True
Decision Tree,frequency,binary,2995.470355125934,2987.252902300059,binary,0.431640625,False
Decision Tree,frequency,hashing,2995.470355125934,3384.711789008458,frequency,0.001953125,True
Decision Tree,frequency,column_adaptive_c,2995.470355125934,2710.1915901702896,column_adaptive_c,0.001953125,True
Decision Tree,frequency,column_adaptive_d,2995.470355125934,2832.4184780455234,column_adaptive_d,0.009765625,True
Decision Tree,target,catboost,2795.593835779453,2695.8727984004568,catboost,0.083984375,False
Decision Tree,target,binary,2795.593835779453,2987.252902300059,target,0.02734375,True
Decision Tree,target,hashing,2795.593835779453,3384.711789008458,target,0.001953125,True
Decision Tree,target,column_adaptive_c,2795.593835779453,2710.1915901702896,column_adaptive_c,0.10546875,False
Decision Tree,target,column_adaptive_d,2795.593835779453,2832.4184780455234,target,1.0,False
Decision Tree,catboost,binary,2695.8727984004568,2987.252902300059,catboost,0.005859375,True
Decision Tree,catboost,hashing,2695.8727984004568,3384.711789008458,catboost,0.001953125,True
Decision Tree,catboost,column_adaptive_c,2695.8727984004568,2710.1915901702896,catboost,0.275390625,False
Decision Tree,catboost,column_adaptive_d,2695.8727984004568,2832.4184780455234,catboost,0.10546875,False
Decision Tree,binary,hashing,2987.252902300059,3384.711789008458,binary,0.001953125,True
Decision Tree,binary,column_adaptive_c,2987.252902300059,2710.1915901702896,column_adaptive_c,0.00390625,True
Decision Tree,binary,column_adaptive_d,2987.252902300059,2832.4184780455234,column_adaptive_d,0.00390625,True
Decision Tree,hashing,column_adaptive_c,3384.711789008458,2710.1915901702896,column_adaptive_c,0.001953125,True
Decision Tree,hashing,column_adaptive_d,3384.711789008458,2832.4184780455234,column_adaptive_d,0.001953125,True
Decision Tree,column_adaptive_c,column_adaptive_d,2710.1915901702896,2832.4184780455234,column_adaptive_c,0.083984375,False
Random Forest,onehot,ordinal,2048.8289140417514,2101.87951156017,onehot,0.00390625,True
Random Forest,onehot,frequency,2048.8289140417514,2125.1336442760835,onehot,0.001953125,True
Random Forest,onehot,target,2048.8289140417514,2019.7272079731101,target,0.083984375,False
Random Forest,onehot,catboost,2048.8289140417514,1937.82940511632,catboost,0.001953125,True
Random Forest,onehot,binary,2048.8289140417514,2109.2574786599334,onehot,0.01953125,True
Random Forest,onehot,hashing,2048.8289140417514,2411.136558383086,onehot,0.001953125,True
Random Forest,onehot,column_adaptive_c,2048.8289140417514,1945.0583568132793,column_adaptive_c,0.001953125,True
Random Forest,onehot,column_adaptive_d,2048.8289140417514,2076.1784803165406,onehot,0.16015625,False
Random Forest,ordinal,frequency,2101.87951156017,2125.1336442760835,ordinal,0.037109375,True
Random Forest,ordinal,target,2101.87951156017,2019.7272079731101,target,0.00390625,True
Random Forest,ordinal,catboost,2101.87951156017,1937.82940511632,catboost,0.001953125,True
Random Forest,ordinal,binary,2101.87951156017,2109.2574786599334,ordinal,0.845703125,False
Random Forest,ordinal,hashing,2101.87951156017,2411.136558383086,ordinal,0.001953125,True
Random Forest,ordinal,column_adaptive_c,2101.87951156017,1945.0583568132793,column_adaptive_c,0.001953125,True
Random Forest,ordinal,column_adaptive_d,2101.87951156017,2076.1784803165406,column_adaptive_d,0.4921875,False
Random Forest,frequency,target,2125.1336442760835,2019.7272079731101,target,0.001953125,True
Random Forest,frequency,catboost,2125.1336442760835,1937.82940511632,catboost,0.001953125,True
Random Forest,frequency,binary,2125.1336442760835,2109.2574786599334,binary,0.275390625,False
Random Forest,frequency,hashing,2125.1336442760835,2411.136558383086,frequency,0.001953125,True
Random Forest,frequency,column_adaptive_c,2125.1336442760835,1945.0583568132793,column_adaptive_c,0.001953125,True
Random Forest,frequency,column_adaptive_d,2125.1336442760835,2076.1784803165406,column_adaptive_d,0.048828125,True
Random Forest,target,catboost,2019.7272079731101,1937.82940511632,catboost,0.001953125,True
Random Forest,target,binary,2019.7272079731101,2109.2574786599334,target,0.001953125,True
Random Forest,target,hashing,2019.7272079731101,2411.136558383086,target,0.001953125,True
Random Forest,target,column_adaptive_c,2019.7272079731101,1945.0583568132793,column_adaptive_c,0.001953125,True
Random Forest,target,column_adaptive_d,2019.7272079731101,2076.1784803165406,target,0.048828125,True
Random Forest,catboost,binary,1937.82940511632,2109.2574786599334,catboost,0.001953125,True
Random Forest,catboost,hashing,1937.82940511632,2411.136558383086,catboost,0.001953125,True
Random Forest,catboost,column_adaptive_c,1937.82940511632,1945.0583568132793,catboost,0.130859375,False
Random Forest,catboost,column_adaptive_d,1937.82940511632,2076.1784803165406,catboost,0.001953125,True
Random Forest,binary,hashing,2109.2574786599334,2411.136558383086,binary,0.001953125,True
Random Forest,binary,column_adaptive_c,2109.2574786599334,1945.0583568132793,column_adaptive_c,0.001953125,True
Random Forest,binary,column_adaptive_d,2109.2574786599334,2076.1784803165406,column_adaptive_d,0.083984375,False
Random Forest,hashing,column_adaptive_c,2411.136558383086,1945.0583568132793,column_adaptive_c,0.001953125,True
Random Forest,hashing,column_adaptive_d,2411.136558383086,2076.1784803165406,column_adaptive_d,0.001953125,True
Random Forest,column_adaptive_c,column_adaptive_d,1945.0583568132793,2076.1784803165406,column_adaptive_c,0.001953125,True
Stacking,onehot,ordinal,2026.1036627850888,2113.241190800691,onehot,0.001953125,True
Stacking,onehot,frequency,2026.1036627850888,2134.1817797606554,onehot,0.001953125,True
Stacking,onehot,target,2026.1036627850888,1992.3250364111395,target,0.048828125,True
Stacking,onehot,catboost,2026.1036627850888,1926.270532667441,catboost,0.001953125,True
Stacking,onehot,binary,2026.1036627850888,2112.777249024996,onehot,0.001953125,True
Stacking,onehot,hashing,2026.1036627850888,2434.257608966231,onehot,0.001953125,True
Stacking,onehot,column_adaptive_c,2026.1036627850888,1951.021178240978,column_adaptive_c,0.00390625,True
Stacking,onehot,column_adaptive_d,2026.1036627850888,2100.595133390895,onehot,0.009765625,True
Stacking,ordinal,frequency,2113.241190800691,2134.1817797606554,ordinal,0.130859375,False
Stacking,ordinal,target,2113.241190800691,1992.3250364111395,target,0.001953125,True
Stacking,ordinal,catboost,2113.241190800691,1926.270532667441,catboost,0.001953125,True
Stacking,ordinal,binary,2113.241190800691,2112.777249024996,binary,0.921875,False
Stacking,ordinal,hashing,2113.241190800691,2434.257608966231,ordinal,0.001953125,True
Stacking,ordinal,column_adaptive_c,2113.241190800691,1951.021178240978,column_adaptive_c,0.001953125,True
Stacking,ordinal,column_adaptive_d,2113.241190800691,2100.595133390895,column_adaptive_d,0.921875,False
Stacking,frequency,target,2134.1817797606554,1992.3250364111395,target,0.001953125,True
Stacking,frequency,catboost,2134.1817797606554,1926.270532667441,catboost,0.001953125,True
Stacking,frequency,binary,2134.1817797606554,2112.777249024996,binary,0.16015625,False
Stacking,frequency,hashing,2134.1817797606554,2434.257608966231,frequency,0.001953125,True
Stacking,frequency,column_adaptive_c,2134.1817797606554,1951.021178240978,column_adaptive_c,0.001953125,True
Stacking,frequency,column_adaptive_d,2134.1817797606554,2100.595133390895,column_adaptive_d,0.10546875,False
Stacking,target,catboost,1992.3250364111395,1926.270532667441,catboost,0.001953125,True
Stacking,target,binary,1992.3250364111395,2112.777249024996,target,0.001953125,True
Stacking,target,hashing,1992.3250364111395,2434.257608966231,target,0.001953125,True
Stacking,target,column_adaptive_c,1992.3250364111395,1951.021178240978,column_adaptive_c,0.009765625,True
Stacking,target,column_adaptive_d,1992.3250364111395,2100.595133390895,target,0.001953125,True
Stacking,catboost,binary,1926.270532667441,2112.777249024996,catboost,0.001953125,True
Stacking,catboost,hashing,1926.270532667441,2434.257608966231,catboost,0.001953125,True
Stacking,catboost,column_adaptive_c,1926.270532667441,1951.021178240978,catboost,0.00390625,True
Stacking,catboost,column_adaptive_d,1926.270532667441,2100.595133390895,catboost,0.001953125,True
Stacking,binary,hashing,2112.777249024996,2434.257608966231,binary,0.001953125,True
Stacking,binary,column_adaptive_c,2112.777249024996,1951.021178240978,column_adaptive_c,0.001953125,True
Stacking,binary,column_adaptive_d,2112.777249024996,2100.595133390895,column_adaptive_d,0.375,False
Stacking,hashing,column_adaptive_c,2434.257608966231,1951.021178240978,column_adaptive_c,0.001953125,True
Stacking,hashing,column_adaptive_d,2434.257608966231,2100.595133390895,column_adaptive_d,0.001953125,True
Stacking,column_adaptive_c,column_adaptive_d,1951.021178240978,2100.595133390895,column_adaptive_c,0.001953125,True
